,City,Lat,Lng,Max Temp,Humidity,Cloudiness,Wind Speed,Description
0,Port Alfred,-33.5906,26.891,293.17,95,100,10.4,light rain
1,Mar Del Plata,-38.0023,-57.5575,289.87,83,42,0.89,scattered clouds
2,Tamale,9.4008,-0.8393,301.3,18,4,2.57,clear sky
3,Tobol,52.6844,62.5794,271.19,92,77,5.52,broken clouds
4,Banda Aceh,5.5577,95.3222,298.23,85,28,2.79,scattered clouds
5,Guapore,-28.8456,-51.8903,298.36,62,99,2.11,overcast clouds
6,Georgetown,5.4112,100.3354,299.2,81,20,0.45,few clouds
7,Camopi,3.1655,-52.3158,296.02,99,100,0.96,moderate rain
8,Dikson,73.5069,80.5464,243.01,99,100,4.94,overcast clouds
9,Souillac,-20.5167,57.5167,298.36,78,40,2.06,scattered clouds
10,Ushuaia,-54.8,-68.3,282.96,53,40,8.23,scattered clouds
11,Hermanus,-34.4187,19.2345,290.87,93,100,7.8,heavy intensity rain
12,Puntarenas,9.9763,-84.8384,304.11,81,31,2.23,scattered clouds
13,Baldovinesti,44.3833,24.05,275.6,87,90,1.54,overcast clouds
14,Port Blair,11.6667,92.75,299.2,79,36,3.97,scattered clouds
15,Cape Town,-33.9258,18.4232,290.99,87,75,0.89,moderate rain
16,Comodoro Rivadavia,-45.8667,-67.5,294.07,32,20,8.23,few clouds
17,Banamba,13.55,-7.45,297.0,16,100,4.29,overcast clouds
18,Bathsheba,13.2167,-59.5167,299.49,78,40,6.69,scattered clouds
19,Upernavik,72.7868,-56.1549,268.35,63,100,1.19,overcast clouds
20,Saint-Leu,-21.15,55.2833,297.61,82,11,0.95,few clouds
21,Savelugu,9.6244,-0.8253,301.11,18,6,2.48,clear sky
22,East London,-33.0153,27.9116,293.57,95,100,8.41,light rain
23,Mahebourg,-20.4081,57.7,298.31,78,40,2.06,scattered clouds
24,Hofn,64.2539,-15.2082,272.63,59,0,4.19,clear sky
25,Sainte-Maxime,43.3,6.6333,286.17,56,35,11.29,scattered clouds
26,Coro,11.4045,-69.6734,299.42,81,44,7.27,scattered clouds
27,Nyanza,-2.3519,29.7509,287.2,92,100,1.41,overcast clouds
28,Ilulissat,69.2167,-51.1,275.16,55,100,17.49,overcast clouds
29,Barra Do Corda,-5.5,-45.25,297.23,87,100,1.47,overcast clouds
30,Aras,42.5617,-2.356,279.38,76,75,4.12,broken clouds
31,Abalak,58.1286,68.5944,274.0,90,100,5.84,overcast clouds
32,Yar-Sale,66.8333,70.8333,242.62,98,25,1.49,scattered clouds
33,Grindavik,63.8424,-22.4338,271.41,80,0,6.17,clear sky
34,Port Elizabeth,-33.918,25.5701,290.43,100,75,5.66,light rain
35,Plaster Rock,46.9065,-67.39,263.44,84,28,1.5,scattered clouds
36,Kindia,10.0569,-12.8658,295.46,88,69,1.45,broken clouds
37,Qaanaaq,77.484,-69.3632,255.59,64,63,3.25,broken clouds
38,Najran,17.4924,44.1277,285.29,36,0,0.66,clear sky
39,Bredasdorp,-34.5322,20.0403,289.42,92,100,8.64,moderate rain
40,Joshimath,30.5667,79.5667,279.96,47,0,3.53,clear sky
41,Madhipura,25.9167,86.7833,292.56,72,29,2.33,scattered clouds
42,Oktyabrskoye,43.0645,44.7417,268.23,93,60,3.0,broken clouds
43,Nsoko,-27.0333,31.95,295.78,97,88,1.04,overcast clouds
44,Acarau,-2.8856,-40.12,300.21,79,36,6.33,scattered clouds
45,Luderitz,-26.6481,15.1594,288.92,89,6,2.14,clear sky
46,Esil,51.9556,66.4042,268.4,91,100,4.22,overcast clouds
47,Colchester,51.8892,0.9042,279.11,89,100,8.0,light rain
48,Sharan,54.8167,54.0,272.72,96,100,4.08,light snow
49,Saint George,37.1041,-113.5841,295.41,24,1,0.89,clear sky
50,Chapais,49.7834,-74.8492,251.03,96,99,0.26,overcast clouds
51,Ploemeur,47.7333,-3.4333,281.94,83,75,3.09,light rain
52,Saint-Pierre,-21.3393,55.4781,297.95,78,40,1.54,scattered clouds
53,Mercedes,-34.6515,-59.4307,295.95,79,100,3.9,overcast clouds
54,Buraydah,26.326,43.975,287.36,41,1,3.79,clear sky
55,Busselton,-33.65,115.3333,290.95,53,1,5.0,clear sky
56,Ribeira Grande,38.5167,-28.7,291.1,75,89,5.35,overcast clouds
57,Kondoa,-4.9,35.7833,289.93,86,53,2.1,broken clouds
58,Saldanha,-33.0117,17.9442,289.18,89,100,4.37,light rain
59,Adrar,20.5022,-10.0711,291.74,16,84,5.17,broken clouds
60,Jamestown,42.097,-79.2353,275.98,72,40,3.13,scattered clouds
61,Dingle,10.9995,122.6711,296.46,90,55,4.53,broken clouds
62,Zamosc,50.7231,23.252,270.06,64,94,2.7,overcast clouds
63,Lokosovo,61.1333,74.8167,258.96,96,100,3.74,snow
64,Victoria,22.2855,114.1577,291.14,66,95,0.89,overcast clouds
65,Bitam,2.076,11.5007,294.57,92,75,0.9,broken clouds
66,Nalut,30.3333,10.85,279.99,51,0,0.91,clear sky
67,Santo Tomas,14.1079,121.1414,296.66,77,65,4.95,broken clouds
68,Ponta Do Sol,32.6667,-17.1,292.5,69,97,4.15,overcast clouds
69,Veraval,20.9,70.3667,296.58,70,4,2.3,clear sky
70,Torbay,47.6666,-52.7314,271.9,57,40,10.29,scattered clouds
71,Bambous Virieux,-20.3428,57.7575,298.29,78,40,2.06,scattered clouds
72,Sao Filipe,14.8961,-24.4956,297.74,71,95,4.82,overcast clouds
73,Dubrovka,53.6907,33.5071,269.14,91,100,3.64,overcast clouds
74,Nsanje,-16.92,35.262,299.56,62,38,1.63,scattered clouds
75,Codrington,-38.2667,141.9667,287.94,49,9,3.91,clear sky
76,Calama,-22.4667,-68.9333,295.42,16,20,9.77,few clouds
77,Porto Novo,6.4965,2.6036,301.05,81,71,2.94,broken clouds
78,Artyom,40.4723,50.333,283.23,71,66,9.06,broken clouds
79,Vestmannaeyjar,63.4427,-20.2734,275.44,61,43,3.75,scattered clouds
80,Hithadhoo,-0.6,73.0833,300.7,75,87,5.34,overcast clouds
81,Mahasamund,21.1,82.1,288.67,92,70,1.99,broken clouds
82,Tapa,59.2606,25.9586,267.81,93,94,2.46,overcast clouds
83,Gumla,23.05,84.55,288.35,86,70,1.94,broken clouds
84,Saint-Philippe,-21.3585,55.7679,297.9,83,29,4.15,scattered clouds
85,Akdagmadeni,39.6603,35.8836,276.05,73,95,2.38,overcast clouds
86,Yarim,14.298,44.3779,279.79,34,0,2.24,clear sky
87,Tasiilaq,65.6145,-37.6368,271.24,88,100,18.54,snow
88,Roald,62.5833,6.1333,276.23,60,90,5.66,light rain
89,Cidreira,-30.1811,-50.2056,294.36,79,100,8.42,overcast clouds
90,Onega,63.9061,38.1404,256.71,77,5,4.09,clear sky
91,Clyde River,70.4692,-68.5914,262.28,92,100,15.95,light snow
92,Pangody,65.85,74.4859,238.76,100,75,1.37,broken clouds
93,Iqaluit,63.7506,-68.5145,260.0,85,90,14.4,light snow
94,Gao,16.6362,1.637,296.7,13,12,4.79,few clouds
95,Sao Miguel Do Araguaia,-13.275,-50.1628,297.19,91,67,1.91,light rain
96,Atbasar,51.8,68.3333,267.84,91,99,3.01,overcast clouds
97,Inta,66.0317,60.1659,248.52,83,82,3.55,broken clouds
98,Vila Franca Do Campo,37.7167,-25.4333,290.48,86,92,0.39,overcast clouds
99,Aden,12.7794,45.0367,299.33,65,0,5.52,clear sky
100,Antsohihy,-14.8796,47.9875,297.7,78,3,1.5,clear sky
101,Dromolaxia,34.8761,33.586,291.08,77,75,1.54,broken clouds
102,Nigran,42.1415,-8.8066,287.39,79,75,3.09,broken clouds
103,Asosa,10.0667,34.5333,292.07,34,6,2.16,clear sky
104,Los Llanos De Aridane,28.6585,-17.9182,291.01,53,20,6.26,few clouds
105,Maarianhamina,60.0973,19.9348,264.07,86,90,4.12,light shower snow
106,Bafoulabe,13.8065,-10.8321,301.91,15,99,3.24,overcast clouds
107,Dakar,14.6937,-17.4441,296.22,88,100,3.09,overcast clouds
108,Stuhr,53.0333,8.75,276.11,100,75,1.03,snow
109,Thurles,52.6819,-7.8022,276.58,90,9,6.82,clear sky
110,Colesberg,-30.72,25.0972,289.66,82,100,5.69,overcast clouds
111,San Lorenzo,-25.3333,-57.5333,303.67,43,0,5.81,clear sky
112,Cayenne,4.9333,-52.3333,298.17,92,90,0.0,overcast clouds
113,Moroni,-11.7022,43.2551,299.63,73,57,1.77,broken clouds
114,Punta Arenas,-53.15,-70.9167,285.21,50,20,10.8,few clouds
115,Ilo,-17.6394,-71.3375,292.57,82,51,2.63,broken clouds
116,Longyearbyen,78.2186,15.6401,266.06,73,75,10.8,broken clouds
117,Leczyca,52.0596,19.1997,273.19,68,100,3.27,overcast clouds
118,Sept-Iles,50.2001,-66.3821,266.51,68,1,3.13,clear sky
119,Sorland,67.667,12.6934,271.3,62,10,6.73,clear sky
120,Vardo,70.3705,31.1107,267.11,75,16,10.76,few clouds
121,Havoysund,70.9963,24.6622,263.64,92,98,5.82,overcast clouds
122,Kruisfontein,-34.0033,24.7314,289.2,96,100,7.68,light rain
123,Husavik,66.0449,-17.3389,263.1,81,23,6.33,few clouds
124,Mehamn,71.0357,27.8492,265.34,84,13,9.78,few clouds
125,Snezhnogorsk,69.1933,33.2531,255.37,97,44,3.12,scattered clouds
126,Urumqi,43.801,87.6005,263.68,86,100,1.0,mist
127,Yafran,32.0633,12.5286,279.57,67,0,2.87,clear sky
128,Tutoia,-2.7619,-42.2744,300.48,81,71,5.06,light rain
129,Beloha,-25.1667,45.05,296.3,77,0,1.98,clear sky
130,Liwale,-9.7667,37.9333,295.02,94,98,1.82,overcast clouds
131,Talas,38.6908,35.5538,276.52,81,75,1.54,light rain
132,Grootfontein,-19.5667,18.1167,295.6,23,91,3.58,overcast clouds
133,Klaksvik,62.2266,-6.589,274.66,58,100,8.93,overcast clouds
134,Port-Cartier,50.0334,-66.8654,266.34,72,10,4.93,clear sky
135,Bandarbeyla,9.4942,50.8122,296.92,68,28,6.51,scattered clouds
136,Shinpokh,34.3292,71.1782,283.82,59,80,1.47,broken clouds
137,Nantucket,41.2835,-70.0995,279.24,75,1,0.0,clear sky
138,Jizan,17.3333,42.6667,298.67,70,0,1.25,clear sky
139,Halifax,44.6453,-63.5724,271.18,71,4,0.45,clear sky
140,Osakarovka,50.565,72.5692,266.26,91,95,2.69,overcast clouds
141,Amposta,40.7131,0.581,287.56,63,15,6.12,few clouds
142,Stepnyak,52.8339,70.7803,272.31,91,99,6.4,overcast clouds
143,Berlevag,70.8578,29.0864,265.17,86,32,11.04,scattered clouds
144,San Cristobal,7.7669,-72.225,296.25,75,54,1.18,broken clouds
145,Tucupita,9.0622,-62.051,297.36,87,80,2.2,broken clouds
146,Muros,42.7762,-9.0603,287.5,95,94,6.18,overcast clouds
147,Viedma,-40.8135,-62.9967,291.02,38,22,8.0,few clouds
148,Les Cayes,18.2,-73.75,298.78,79,77,2.41,broken clouds
149,Shache,38.4167,77.2406,270.11,38,14,0.76,few clouds
150,Taoudenni,22.6783,-3.9836,288.3,20,1,5.64,clear sky
151,Samfya,-11.3649,29.5565,294.95,41,14,1.88,few clouds
152,Trybukhivtsi,49.0436,25.4581,269.95,82,81,1.79,broken clouds
153,Krasnoselkup,65.7,82.4667,238.46,100,65,2.47,broken clouds
154,Bull Savanna,17.8868,-77.5902,297.7,83,98,3.75,overcast clouds
155,Isla Mujeres,21.2311,-86.731,298.24,73,1,4.22,clear sky
156,Pangnirtung,66.1451,-65.7125,266.15,93,90,1.54,light snow
157,Dourbali,11.8091,15.8632,298.98,18,90,6.21,overcast clouds
158,Teya,60.3778,92.6267,259.7,88,100,3.62,overcast clouds
159,Rokiskis,55.9667,25.5833,267.48,98,99,1.32,overcast clouds
160,Laguna,38.421,-121.4238,294.94,97,90,0.0,mist
161,Rawson,-43.3002,-65.1023,296.33,36,0,12.12,clear sky
162,Arraial Do Cabo,-22.9661,-42.0278,296.09,81,6,4.13,clear sky
163,Sayyan,15.1718,44.3244,280.22,35,0,1.5,clear sky
164,Djambala,-2.5447,14.7533,293.44,92,100,1.1,overcast clouds
165,Castro,-24.7911,-50.0119,291.98,68,37,4.08,scattered clouds
166,Anaco,9.4389,-64.4728,300.26,56,93,1.18,overcast clouds
167,Baherden,38.4362,57.4316,279.63,75,0,2.84,clear sky
168,Saint-Francois,46.4154,3.9054,277.86,85,75,3.6,broken clouds
169,Akureyri,65.6835,-18.0878,263.11,85,0,3.09,clear sky
170,Panzos,15.4,-89.6667,300.66,91,94,0.77,overcast clouds
171,Lamu,-2.2717,40.902,300.27,81,51,4.11,broken clouds
172,Iranshahr,27.2025,60.6848,287.52,45,0,0.46,clear sky
173,Narsaq,60.9167,-46.05,272.92,73,100,5.94,overcast clouds
174,Mitsamiouli,-11.3847,43.2844,300.43,76,81,5.59,broken clouds
175,Margate,51.3813,1.3862,279.2,75,92,1.79,overcast clouds
176,Cuamba,-14.8031,36.5372,297.17,55,7,2.74,clear sky
177,Saint-Gaudens,43.0833,0.6667,279.55,96,92,2.91,overcast clouds
178,Senneterre,48.3835,-77.2328,260.27,96,100,1.5,overcast clouds
179,Pedro Ii,-4.4247,-41.4586,297.14,68,93,0.89,moderate rain
180,Mocuba,-16.8392,36.9856,299.39,61,1,3.23,clear sky
181,Mathathane,-22.2687,28.7495,303.0,29,84,8.32,broken clouds
182,Namibe,-15.1961,12.1522,294.3,71,40,1.98,scattered clouds
183,Cape Coast,5.1053,-1.2466,300.32,83,87,3.27,overcast clouds
184,Kolondieba,11.0882,-6.8926,298.31,21,64,1.62,broken clouds
185,Lerwick,60.1545,-1.1494,276.15,94,97,14.69,overcast clouds
186,Derzhavinsk,51.1,66.3167,264.18,88,90,1.73,overcast clouds
187,Bubaque,11.2833,-15.8333,300.7,74,57,6.66,broken clouds
188,Atar,20.5169,-13.0499,295.8,15,60,4.16,broken clouds
189,Jalu,29.0331,21.5482,287.55,47,18,7.02,few clouds
190,Duiwelskloof,-23.6934,30.14,295.66,65,11,1.51,few clouds
191,Ostrovnoy,68.0531,39.5131,257.56,96,81,3.4,broken clouds
192,Puerto Suarez,-18.95,-57.8,301.95,64,100,0.95,moderate rain
193,Chuy,-33.6971,-53.4616,290.95,91,100,3.36,overcast clouds
194,Ludvika,60.1496,15.1878,268.17,96,98,2.97,overcast clouds
195,Saint-Joseph,-21.3667,55.6167,297.35,83,21,3.62,few clouds
196,Povenets,62.8487,34.8262,257.84,85,8,4.76,clear sky
197,Kavaratti,10.5669,72.642,300.1,79,29,3.26,scattered clouds
198,Sahbuz,39.4072,45.5739,266.93,40,32,1.39,scattered clouds
199,Montepuez,-13.1256,38.9997,293.58,94,1,1.42,clear sky
200,Lagoa,39.05,-27.9833,290.61,83,71,4.75,broken clouds
201,Poshekhonye,58.4993,39.1353,254.83,98,46,1.31,scattered clouds
202,Rio Grande,-32.035,-52.0986,294.23,80,94,6.54,overcast clouds
203,Gondar,12.6,37.4667,287.84,37,2,1.77,clear sky
204,Bailieborough,53.9167,-6.9667,276.17,76,8,6.48,clear sky
205,Dagda,56.0951,27.5372,267.92,98,96,0.31,overcast clouds
206,Tiznit,29.5833,-9.5,285.98,59,1,1.1,clear sky
207,Ambilobe,-13.2,49.05,297.62,76,7,1.73,clear sky
208,Hobyo,5.3505,48.5268,299.1,75,63,6.44,broken clouds
209,Awjilah,29.1081,21.2869,288.03,47,32,7.94,scattered clouds
210,Boras,57.721,12.9401,271.12,90,81,4.29,broken clouds
211,Nanortalik,60.1432,-45.2371,274.88,97,98,12.43,moderate rain
212,Varena,54.2167,24.5667,271.75,98,86,1.22,overcast clouds
213,Kozluk,38.1938,41.4885,276.29,37,99,1.68,overcast clouds
214,Sandy Bay,-42.913,147.3532,288.87,52,20,0.89,few clouds
215,Nisia Floresta,-6.0911,-35.2086,301.36,82,50,4.08,scattered clouds
216,Ypsonas,34.6884,32.9574,290.69,68,40,6.17,scattered clouds
217,Ugoofaaru,5.6667,73.0,300.82,77,31,5.15,scattered clouds
218,Bagru,26.8088,75.5423,288.34,63,0,1.9,clear sky
219,Usinsk,65.9939,57.5281,249.22,82,69,4.32,broken clouds
220,Ratnapura,6.6828,80.3992,296.86,96,77,0.81,broken clouds
221,Sabha,27.0377,14.4283,282.05,38,3,2.01,clear sky
222,Storforshei,66.4043,14.5233,255.8,94,10,3.25,clear sky
223,Lebu,-37.6167,-73.65,286.78,74,0,9.29,clear sky
224,Mwinilunga,-11.7358,24.4293,290.18,97,31,1.22,scattered clouds
225,Staroutkinsk,57.2302,59.3348,273.85,97,100,4.78,light snow
226,Sao Joao Da Barra,-21.6403,-41.0511,295.96,81,15,2.83,few clouds
227,Muisne,0.6,-80.0333,297.31,82,100,3.68,overcast clouds
228,Vallenar,-28.5708,-70.7581,299.48,25,3,2.64,clear sky
229,Eyl,7.9803,49.8164,296.9,71,92,7.01,overcast clouds
230,Pirgos,35.1167,25.7178,286.83,85,100,1.58,overcast clouds
231,Hamilton,39.1834,-84.5333,282.06,56,1,0.0,clear sky
232,Mogadishu,2.0371,45.3438,299.54,74,45,7.7,scattered clouds
233,Kanniyakumari,8.0833,77.5667,298.96,84,56,3.84,broken clouds
234,Sao Bernardo,-3.3614,-42.4178,297.95,89,97,1.93,overcast clouds
235,Monrovia,6.3005,-10.7969,299.02,79,67,2.56,broken clouds
236,Keetmanshoop,-26.5833,18.1333,287.18,61,0,7.02,clear sky
237,Santa Cruz,-17.8,-63.1667,300.85,78,75,3.09,broken clouds
238,Posse,-14.0931,-46.3694,293.09,95,52,1.75,light rain
239,Watsa,3.0372,29.5355,291.37,90,71,1.0,light rain
240,Lithakia,37.7167,20.8333,284.59,75,7,8.31,clear sky
241,Prainha,-1.8,-53.48,298.48,80,93,1.34,overcast clouds
242,Garowe,8.4054,48.4845,293.14,66,18,3.41,few clouds
243,Teguldet,57.3064,88.1667,266.83,91,100,4.77,overcast clouds
244,Swansea,51.6208,-3.9432,280.62,86,49,4.02,scattered clouds
245,Umm Lajj,25.0213,37.2685,297.29,55,2,0.59,clear sky
246,Karatau,43.1667,70.4667,278.8,84,99,0.54,overcast clouds
247,Sharkan,57.2989,53.8712,272.13,90,99,5.12,overcast clouds
248,Bol,13.4586,14.7147,298.2,38,8,6.37,clear sky
249,Warmbad,-28.45,18.7333,287.24,73,6,5.64,clear sky
250,Orangeburg,33.4918,-80.8557,290.1,67,1,0.0,clear sky
251,Virginia Beach,36.8529,-75.978,285.37,75,75,3.09,broken clouds
252,Uspenka,48.3903,39.1619,273.58,99,100,5.09,snow
253,Aswan,24.0934,32.907,293.51,22,0,3.05,clear sky
254,Kamakwie,9.5,-12.2333,298.18,84,71,1.46,broken clouds
255,Abrau-Dyurso,44.69,37.59,284.85,86,100,6.72,overcast clouds
256,Mponela,-13.5319,33.7401,294.63,57,3,3.21,clear sky
257,Puteyets,65.1716,57.091,251.8,91,100,1.86,overcast clouds
258,Caravelas,-17.7125,-39.2481,296.98,85,13,2.02,few clouds
259,Sinazongwe,-17.2614,27.4618,300.54,44,1,1.96,clear sky
260,Burgkirchen,48.2044,13.0999,280.42,96,100,1.79,overcast clouds
261,Okahandja,-21.9833,16.9167,289.32,39,0,3.03,clear sky
262,Havre-Saint-Pierre,50.2334,-63.5986,270.15,58,1,8.75,clear sky
263,Opochka,56.7105,28.6617,267.5,97,99,2.04,overcast clouds
264,Korla,41.7597,86.1469,270.05,61,95,0.63,overcast clouds
265,Eidsvag,62.7767,8.0668,274.51,73,97,4.66,overcast clouds
266,Trzcianka,53.0406,16.4563,272.6,87,100,3.55,overcast clouds
267,Hualmay,-11.0964,-77.6139,293.3,82,97,4.34,overcast clouds
268,Nedjo,9.5046,35.5019,288.77,44,6,0.91,clear sky
269,Kalmunai,7.4167,81.8167,298.06,88,1,1.46,clear sky
270,Jawar,23.0,76.5,290.19,59,1,2.63,clear sky
271,Ponta Delgada,37.7333,-25.6667,290.65,82,75,1.03,broken clouds
272,Termiz,37.2242,67.2783,279.2,65,75,0.0,light rain
273,Valparaiso,-33.0393,-71.6273,298.28,52,0,3.6,clear sky
274,Boda,4.3189,17.4695,297.79,65,74,0.94,broken clouds
275,Webuye,0.6075,34.7697,290.82,79,57,3.02,broken clouds
276,Altay,47.8667,88.1167,267.26,52,5,3.57,clear sky
277,Ernei,46.605,24.6415,270.86,100,68,1.17,broken clouds
278,Talcahuano,-36.7167,-73.1167,291.97,59,0,5.14,smoke
279,Iquique,-20.2208,-70.1431,292.17,77,28,2.7,scattered clouds
280,Werda,-25.2667,23.2833,292.95,76,96,3.82,overcast clouds
281,Barao De Melgaco,-16.1944,-55.9675,301.44,84,94,1.86,overcast clouds
282,Puerto Colombia,10.9878,-74.9547,301.2,80,67,9.02,broken clouds
283,Chlorakas,34.8042,32.4083,290.72,73,20,3.09,few clouds
284,Asyut,27.181,31.1837,290.76,29,54,2.58,broken clouds
285,Ebbs,47.6333,12.2167,279.36,95,100,1.53,light rain
286,Fiumicino,41.7675,12.2291,289.3,70,40,9.26,scattered clouds
287,Khulna,22.8135,89.5672,291.45,95,100,4.4,overcast clouds
288,Kamenka,51.3223,42.7678,270.79,84,100,1.77,overcast clouds
289,Madison,34.7334,-86.5667,290.0,96,90,0.0,mist
290,Takoradi,4.8845,-1.7554,300.22,81,63,2.95,broken clouds
291,Honningsvag,70.9821,25.9704,268.11,74,10,9.48,clear sky
292,Birjand,32.8663,59.2211,271.41,86,0,2.06,clear sky
293,Paita,-5.0892,-81.1144,295.46,80,77,6.78,broken clouds
294,Sira,13.7453,76.9092,294.62,88,94,1.23,overcast clouds
295,Hammerfest,70.6634,23.6821,263.4,73,0,1.54,clear sky
296,Kautokeino,69.0125,23.0412,249.65,100,99,2.57,overcast clouds
297,Mlimba,-8.8,35.8167,296.67,86,83,1.48,light rain
298,Abapo,-18.8333,-63.4667,293.67,94,100,0.75,light rain
299,Dole,47.0833,5.5,277.46,93,0,5.14,clear sky
300,Araouane,18.9048,-3.5265,292.91,18,99,5.88,overcast clouds
301,Soure,-0.7167,-48.5233,299.66,84,74,4.26,light rain
302,Kargil,34.5667,76.1,263.01,75,72,1.28,broken clouds
303,Maniitsoq,65.4167,-52.9,277.36,47,98,13.65,overcast clouds
304,Eldorado,-23.7869,-54.2836,299.86,51,80,2.31,broken clouds
305,Cap Malheureux,-19.9842,57.6142,298.42,72,63,0.45,broken clouds
306,Nador,35.174,-2.9287,289.29,67,0,10.8,clear sky
307,Jacareacanga,-6.2222,-57.7528,296.85,97,100,0.36,moderate rain
308,Kitui,-1.367,38.0106,290.09,92,27,0.37,scattered clouds
309,Bocas Del Toro,9.3333,-82.25,302.08,77,42,3.05,scattered clouds
310,Puerto Ayora,-0.7393,-90.3518,294.2,84,79,3.05,broken clouds
311,Koratla,18.8167,78.7167,291.86,67,10,1.24,clear sky
312,Talara,-4.5772,-81.2719,295.57,78,0,6.17,clear sky
313,Matadi,-5.8167,13.45,298.12,96,100,0.89,overcast clouds
314,Kwekwe,-18.9281,29.8149,298.36,32,84,1.58,broken clouds
315,Norwalk,33.9022,-118.0817,296.67,66,1,1.34,haze
316,Dronninglund,57.1604,10.2929,274.7,84,100,10.08,overcast clouds
317,Iaciara,-14.0958,-46.6317,294.01,96,74,1.28,light rain
318,Sangmelima,2.9333,11.9833,295.76,86,96,0.97,overcast clouds
319,Stokmarknes,68.5646,14.9108,266.85,65,0,2.89,clear sky
320,Strezhevoy,60.7333,77.5889,260.14,96,100,2.32,light snow
321,Schoneiche,52.4667,13.6833,274.87,84,75,4.12,light snow
322,Newtownards,54.5924,-5.6909,279.55,78,13,1.79,few clouds
323,Senno,59.5336,33.9167,255.52,94,94,2.23,overcast clouds
324,Beni Suef,29.0731,31.0979,289.36,40,22,4.31,few clouds
325,Batticaloa,7.7102,81.6924,298.4,86,1,1.0,clear sky
326,Fez,34.0372,-4.9998,279.29,93,0,3.6,clear sky
327,Port-Gentil,-0.7193,8.7815,299.92,84,100,5.83,light rain
328,Arlit,18.7369,7.3853,293.73,18,7,2.48,clear sky
329,At-Bashi,41.1702,75.8106,266.22,59,87,1.19,overcast clouds
330,Port Said,31.2565,32.2841,292.83,53,100,7.52,overcast clouds
331,San Rafael,-34.6177,-68.3301,292.21,62,91,3.64,overcast clouds
332,Kaabong,3.4836,34.1492,292.02,71,20,5.51,few clouds
333,Tchibanga,-2.85,11.0333,296.18,98,100,0.57,overcast clouds
334,Mikhaylovka,50.06,43.2379,273.03,96,100,2.72,light snow
335,Catamarca,-28.4696,-65.7852,297.47,68,99,0.89,overcast clouds
336,Shetpe,44.1667,52.1167,275.02,57,2,5.95,clear sky
337,Carutapera,-1.195,-46.02,298.81,85,93,2.84,overcast clouds
338,Vila Velha,-20.3297,-40.2925,298.12,79,75,3.09,broken clouds
339,Mecca,21.4267,39.8261,295.67,73,0,0.27,clear sky
340,Pyshma,56.9523,63.2513,274.56,86,100,6.96,overcast clouds
341,Siavonga,-16.5382,28.7088,300.91,40,0,1.97,clear sky
342,Kasama,-10.2129,31.1808,292.9,44,38,2.29,scattered clouds
343,Parambu,-6.2111,-40.6944,299.54,57,100,1.25,overcast clouds
344,Benesov Nad Ploucnici,50.7416,14.3124,275.31,97,100,2.23,moderate rain
345,Machico,32.7,-16.7667,292.5,73,40,7.2,scattered clouds
346,Soyo,-6.1349,12.3689,298.86,88,100,2.77,overcast clouds
347,Korycany,49.1064,17.1643,274.8,71,100,6.37,overcast clouds
348,Ariquemes,-9.9133,-63.0408,298.1,92,100,0.77,overcast clouds
349,Gat,31.61,34.7642,291.7,41,100,2.36,overcast clouds
350,Nouadhibou,20.931,-17.0347,292.14,68,7,6.69,clear sky
351,Mwanza,-2.5167,32.9,295.34,74,83,2.9,light rain
352,Pishin,30.5803,66.9961,279.79,78,42,1.33,scattered clouds
353,Mancio Lima,-7.6142,-72.8958,298.11,89,91,0.65,overcast clouds
354,Cascais,38.6979,-9.4215,286.51,70,0,0.45,clear sky
355,Domoni,-12.2569,44.5319,299.56,80,64,2.45,broken clouds
356,Artigas,-30.4,-56.4667,298.76,45,99,5.07,overcast clouds
357,Pechenga,69.5259,31.1703,248.63,89,12,3.33,few clouds
358,Dinar,38.065,30.1656,283.13,91,100,2.58,light rain
359,Sinnamary,5.3833,-52.95,298.46,90,87,4.29,overcast clouds
360,Bitlis,38.5,42.25,274.2,34,100,1.89,light snow
361,Contamana,-7.3333,-75.0167,302.96,59,100,2.06,overcast clouds
362,Puno,-15.8333,-70.0333,283.91,68,52,2.74,broken clouds
363,Gulmarg,34.049,74.3921,273.1,58,94,0.77,overcast clouds
364,Salalah,17.0151,54.0924,297.2,41,0,1.03,clear sky
365,Corner Brook,48.9667,-57.9484,272.22,67,100,8.3,light snow
366,Pisco,-13.7,-76.2167,293.18,77,0,8.23,clear sky
367,Juli,-16.2167,-69.45,282.64,71,59,3.01,broken clouds
368,Abhar,36.1468,49.218,277.62,37,18,2.46,few clouds
369,Vytegra,61.0064,36.4481,249.81,100,36,1.94,scattered clouds
370,Nuevitas,21.5453,-77.2644,297.84,71,81,3.41,broken clouds
371,Bonavista,48.6499,-53.1147,271.55,50,77,12.47,broken clouds
372,Stornoway,58.2093,-6.3865,278.13,86,75,1.34,broken clouds
373,Nuristan,35.3,70.8333,266.46,74,86,2.19,light snow
374,Wawa,9.9022,4.4192,298.1,25,62,2.78,broken clouds
375,General Roca,-39.0333,-67.5833,297.38,24,18,1.81,few clouds
376,Praia Da Vitoria,38.7333,-27.0667,290.79,88,75,2.72,broken clouds
377,Eqbaliyeh,35.3022,51.5358,279.05,46,3,0.69,clear sky
378,Thompson,55.7435,-97.8558,251.24,84,75,2.06,broken clouds
379,Marsa Matruh,31.3525,27.2453,289.37,56,16,10.77,few clouds
380,Bunda,-2.05,33.8667,291.4,88,91,2.0,overcast clouds
381,Gobabis,-22.45,18.9667,292.74,14,43,3.16,scattered clouds
382,Umm Kaddadah,13.6017,26.6876,295.69,24,0,5.35,clear sky
383,Constitucion,-35.3333,-72.4167,290.69,64,2,5.87,clear sky
384,Krasnohrad,49.3814,35.4402,271.39,83,65,3.24,broken clouds
385,Buenos Aires,-34.6132,-58.3772,294.27,79,40,8.75,scattered clouds
386,Qaqortoq,60.7167,-46.0333,274.89,73,100,13.95,light rain
387,Taltal,-25.4,-70.4833,291.96,69,32,2.29,scattered clouds
388,Omboue,-1.5746,9.2618,298.85,89,100,3.18,overcast clouds
389,Shubarkuduk,49.1447,56.4872,271.77,71,54,3.55,broken clouds
390,Inhambane,-23.865,35.3833,298.19,90,0,5.33,clear sky
391,Bata,1.8639,9.7658,299.53,84,100,2.34,overcast clouds
392,Necochea,-38.5473,-58.7368,287.06,68,98,5.6,overcast clouds
393,Talnakh,69.4865,88.3972,238.26,99,100,1.16,overcast clouds
394,Zhezkazgan,47.8043,67.7144,271.54,65,100,3.29,snow
395,Thinadhoo,0.5333,72.9333,300.8,80,100,7.57,overcast clouds
396,Sherbakul,54.6316,72.3963,271.97,93,96,5.31,overcast clouds
397,Portalegre,39.2938,-7.4312,280.65,97,30,2.72,scattered clouds
398,Ilembo,-9.25,33.3833,286.63,82,26,1.13,scattered clouds
399,Kabare,-2.4683,28.8242,289.43,93,100,0.92,overcast clouds
400,Mattru,7.6244,-11.8332,297.63,92,66,0.87,broken clouds
401,Marsabit,2.3284,37.9899,292.26,78,28,4.71,scattered clouds
402,Colquechaca,-18.6667,-66.0167,277.95,73,61,3.03,broken clouds
403,Koungou,-12.7336,45.2042,298.99,89,0,0.0,clear sky
404,Semey,50.4111,80.2275,268.42,97,82,2.62,broken clouds
405,Famoes,38.788,-9.2103,285.91,77,20,0.89,few clouds
406,Mananjary,-21.2167,48.3333,296.56,93,5,3.57,clear sky
407,Matagami,49.7502,-77.6328,257.21,85,90,1.03,overcast clouds
408,Qasigiannguit,68.8193,-51.1922,275.29,41,100,18.07,overcast clouds
409,Gamba,-2.65,10.0,298.5,90,97,2.37,overcast clouds
410,Dwarka,22.2394,68.9678,296.81,51,0,6.27,clear sky
411,Albanel,48.8832,-72.4487,260.23,78,95,1.54,overcast clouds
412,Leningradskiy,69.3833,178.4167,245.35,94,87,2.39,overcast clouds
413,Zabid,14.1951,43.3152,297.88,57,0,3.6,clear sky
414,Toul,48.6667,5.9167,277.92,90,90,7.2,overcast clouds
415,Assisi,43.0691,12.6165,284.67,97,90,3.13,overcast clouds
416,Abnub,27.2696,31.1511,290.77,29,56,2.59,broken clouds
417,Marsaxlokk,35.8419,14.5431,287.64,88,40,4.63,scattered clouds
418,Rosehearty,57.697,-2.1132,279.41,69,99,14.22,overcast clouds
419,Sao Gabriel Da Cachoeira,-0.1303,-67.0892,296.26,98,100,0.76,overcast clouds
420,Mantua,45.1667,10.7833,279.65,87,100,2.32,overcast clouds
421,Antalaha,-14.9003,50.2788,297.22,85,64,3.24,broken clouds
422,Richards Bay,-28.783,32.0377,295.98,97,100,2.35,moderate rain
423,Marsh Harbour,26.5412,-77.0636,297.31,65,21,2.83,few clouds
424,Maun,-19.9833,23.4167,296.71,64,100,2.75,overcast clouds
425,Chalmette,29.9427,-89.9634,296.15,71,1,0.89,clear sky
426,Arroyo,41.6096,-4.7969,278.79,72,0,6.17,clear sky
427,Itarema,-2.9248,-39.9167,300.25,78,36,6.13,scattered clouds
428,Nairn,57.5809,-3.8797,279.35,84,90,3.6,overcast clouds
429,Srivardhan,18.0333,73.0167,295.96,90,9,1.9,clear sky
430,Obigarm,38.7173,69.7088,277.5,51,96,0.51,overcast clouds
431,Castellamonte,45.382,7.7121,276.28,78,2,1.71,clear sky
432,Enkoping,59.6361,17.0777,269.39,92,33,4.24,scattered clouds
433,Lima,-12.0432,-77.0282,294.76,75,0,6.17,clear sky
434,Vangaindrano,-23.35,47.6,296.0,95,25,1.67,scattered clouds
435,Akom,2.6678,12.7109,294.49,91,97,1.05,overcast clouds
436,Henties Bay,-22.116,14.2845,289.18,89,0,3.92,clear sky
437,Micheweni,-4.9667,39.8333,298.77,82,23,2.07,light rain
438,Kargasok,59.0556,80.8572,266.44,94,100,3.91,overcast clouds
439,Cermik,38.1361,39.4493,277.42,54,100,2.04,overcast clouds
440,Antofagasta,-23.65,-70.4,290.75,71,27,2.77,scattered clouds
441,Conde,-7.2597,-34.9075,298.85,94,20,3.09,few clouds
442,Calvinia,-31.4707,19.776,285.49,80,54,1.55,broken clouds
443,Blagoyevo,63.3667,47.9167,258.23,84,100,5.58,overcast clouds
444,Touros,-5.1989,-35.4608,300.65,80,68,6.65,broken clouds
445,Trairi,-3.2778,-39.2689,300.42,78,46,5.18,scattered clouds
446,Aksu,41.1231,80.2644,270.26,45,100,0.2,overcast clouds
447,Thunder Bay,48.4001,-89.3168,265.68,67,75,1.54,broken clouds
448,Bud,39.447,-86.1758,280.16,60,89,2.95,overcast clouds
449,Ouadda,8.0777,22.4007,296.27,32,46,2.21,scattered clouds
450,Camacha,33.0833,-16.3333,290.57,59,75,6.17,broken clouds
451,Dera Ghazi Khan,30.0561,70.6348,288.84,28,0,1.73,clear sky
452,Saint-Georges,12.0564,-61.7485,299.97,78,20,4.12,few clouds
453,Polis,35.0367,32.4264,288.05,85,13,2.79,few clouds
454,Itapuranga,-15.5622,-49.9486,295.09,89,61,0.9,broken clouds
455,Podor,16.6527,-14.9587,301.12,23,0,1.03,clear sky
456,Muzhi,65.3667,64.6667,243.74,99,100,0.27,overcast clouds
457,Roncesvalles,4.0108,-75.6049,285.55,96,100,0.55,overcast clouds
458,Tolmachevo,54.9824,82.7363,271.14,86,90,3.0,overcast clouds
459,Manjacaze,-24.7117,33.8828,297.99,69,0,3.94,clear sky
460,Kyshtovka,56.555,76.6271,272.56,93,100,7.01,overcast clouds
461,Skerries,53.5828,-6.1083,277.14,74,11,10.75,few clouds
462,Sainte-Foy-Les-Lyon,45.7333,4.8,278.03,86,90,2.06,overcast clouds
463,Kapoeta,4.7717,33.5903,300.94,44,95,7.53,overcast clouds
464,Machala,-3.2667,-79.9667,298.12,78,90,1.54,overcast clouds
465,Ushtobe,45.2514,77.9838,276.38,65,100,3.96,overcast clouds
466,Alcantarilla,37.9694,-1.2171,288.5,62,0,0.45,clear sky
467,Makokou,0.5738,12.8642,294.73,97,97,1.13,overcast clouds
468,Maceio,-9.6658,-35.7353,300.84,83,75,4.12,broken clouds
469,Huarmey,-10.0681,-78.1522,293.17,84,100,3.54,overcast clouds
470,Teeli,51.0333,90.2333,259.19,81,21,1.17,few clouds
471,Alta Floresta,-9.8756,-56.0861,296.64,95,100,0.69,light rain
472,Sturgeon Falls,46.3646,-79.9326,273.2,78,99,4.31,light snow
473,Keti Bandar,24.1447,67.4497,294.88,46,0,4.17,clear sky
474,Kamina,-8.7386,24.9906,291.76,78,2,1.85,clear sky
475,Wladyslawowo,54.7909,18.4009,274.78,94,98,2.35,overcast clouds
476,Mgandu,-5.95,34.1333,291.8,68,49,4.15,scattered clouds
477,Codajas,-3.8367,-62.0569,297.23,95,97,1.59,overcast clouds
478,Lukaya,-0.1489,31.8748,291.18,92,100,2.47,moderate rain
479,Bengkulu,-3.8004,102.2655,297.19,89,100,3.63,overcast clouds
480,Gouyave,12.1646,-61.7296,299.58,78,20,4.12,few clouds
481,Hambantota,6.1241,81.1185,298.28,86,79,1.92,broken clouds
482,Amapa,1.0,-52.0,295.89,99,100,1.18,overcast clouds
483,Lubao,14.9167,120.55,297.19,81,12,3.44,few clouds
484,Morant Bay,17.8815,-76.4093,298.94,82,100,3.4,overcast clouds
485,Saint-Augustin,51.226,-58.6502,267.47,57,29,8.69,scattered clouds
486,Purna,19.1833,77.05,291.85,54,1,1.91,clear sky
487,Suksun,57.1431,57.3949,272.92,91,100,5.39,light snow
488,Bereda,43.2686,-7.5406,282.01,100,81,2.09,broken clouds
489,Bay Roberts,47.5999,-53.2648,272.28,54,83,4.92,broken clouds
490,Belmonte,-15.8631,-38.8828,298.43,86,47,2.4,scattered clouds
491,Tessalit,20.1986,1.0114,291.93,17,65,4.23,broken clouds
492,Kindu,-2.95,25.95,294.08,100,100,0.48,moderate rain
493,Puerto Madryn,-42.7692,-65.0385,294.5,43,0,11.93,clear sky
494,Grand Gaube,-20.0064,57.6608,298.37,72,64,1.34,broken clouds
495,Lipetsk,52.6031,39.5708,271.18,79,28,1.79,scattered clouds
496,Ivaipora,-24.2478,-51.6847,298.07,47,47,1.91,scattered clouds
497,Kaoma,-14.7833,24.8,297.53,35,83,2.16,broken clouds
498,Safaga,26.7292,33.9365,296.32,32,100,1.99,overcast clouds
499,Razole,16.4833,81.8333,295.43,90,70,1.77,broken clouds
500,Urdoma,61.7533,48.5442,258.01,94,100,4.2,light snow
501,Raudeberg,61.9875,5.1352,274.52,95,100,1.34,light snow
502,San Andres,12.5847,-81.7006,301.16,78,75,7.2,broken clouds
503,Kutum,14.2,24.6667,292.84,26,0,3.73,clear sky
504,Epping,-33.7727,151.0818,291.57,85,100,0.89,light rain
505,Chama,47.1821,8.4636,278.27,88,100,0.89,overcast clouds
506,Jumla,29.2747,82.1838,278.78,67,1,1.81,clear sky
507,Cotonou,6.3654,2.4183,301.14,89,20,3.6,few clouds
508,Konevo,62.1215,39.3192,254.86,94,100,3.18,overcast clouds
509,Inirida,3.8653,-67.9239,296.8,97,100,0.66,overcast clouds
510,Sapozhok,53.9419,40.6806,267.57,86,30,2.62,scattered clouds
511,Ughelli,5.4899,6.0074,299.13,85,71,1.59,broken clouds
512,Meulaboh,4.1363,96.1285,297.47,87,75,1.63,broken clouds
513,Xuddur,4.1213,43.8894,295.81,58,11,4.97,few clouds
514,Borda Da Mata,-22.2742,-46.1653,292.01,85,49,0.82,scattered clouds
515,Taybad,34.74,60.7756,275.98,88,3,1.1,clear sky
516,Mulanje,-16.0316,35.5,297.89,57,50,1.86,scattered clouds
517,Huaraz,-9.5333,-77.5333,285.98,91,100,2.18,moderate rain
518,Tirlyanskiy,54.2109,58.5806,273.9,92,100,5.48,light snow
519,Nykirke,54.8667,8.7333,278.18,95,100,6.78,light rain
520,Paamiut,61.994,-49.6678,275.32,76,99,19.84,light rain
521,Svetlyy,54.675,20.1347,274.18,89,90,3.66,overcast clouds
522,Jurm,36.8648,70.8342,279.25,51,74,0.99,broken clouds
523,Alekseyevka,50.6309,38.6903,271.85,83,100,2.21,overcast clouds
524,Abu Samrah,35.3029,37.1841,285.96,45,100,3.08,overcast clouds
525,Malangali,-8.5667,34.85,292.53,73,96,4.87,overcast clouds
526,Russelsheim,49.9925,8.435,279.06,86,0,1.34,clear sky
527,Sakakah,29.9697,40.2064,287.91,41,65,2.93,broken clouds
528,Faya,18.3851,42.4509,283.44,39,0,0.45,clear sky
529,Ilabaya,-17.4208,-70.5133,294.06,55,99,2.26,moderate rain
530,Kathu,7.9178,98.3332,298.05,70,55,7.61,broken clouds
531,Malakal,9.5334,31.6605,300.26,31,5,2.39,clear sky
532,Onokhino,56.925,65.5394,274.33,88,100,5.79,overcast clouds
533,Cap-Aux-Meules,47.3821,-61.8597,272.18,59,75,8.75,broken clouds
534,Coquimbo,-29.9533,-71.3436,289.0,82,40,4.63,scattered clouds
535,Rocha,-34.4833,-54.3333,289.32,90,70,2.51,broken clouds
536,Putina,-15.4667,-69.4333,283.63,69,96,6.28,overcast clouds
537,Sisimiut,66.9395,-53.6735,277.5,58,100,10.1,overcast clouds
538,Riyadh,24.6877,46.7219,285.23,29,4,1.74,clear sky
539,Umba,66.6871,34.3429,257.77,94,17,2.51,few clouds
540,Harper,4.375,-7.7169,299.71,82,6,3.51,clear sky
541,Mitu,1.1983,-70.1733,295.05,99,100,0.14,overcast clouds
542,Matara,5.9485,80.5353,297.85,91,91,1.59,overcast clouds
543,Lucapa,-8.4192,20.7447,292.01,97,89,1.36,overcast clouds
544,New Castle,41.0037,-80.347,279.75,43,1,2.57,clear sky
545,Benguela,-12.5763,13.4055,297.84,82,97,0.93,overcast clouds
546,Lucea,18.451,-78.1736,299.74,79,77,6.43,broken clouds
547,Songea,-10.6833,35.65,291.82,82,12,2.38,few clouds
548,Bahia Honda,22.9036,-83.1592,296.72,72,3,4.09,clear sky
549,Muyezerskiy,63.9333,31.65,258.43,94,80,2.57,broken clouds
550,Kyabe,9.4515,18.9449,300.24,26,64,1.99,broken clouds
551,Kulhudhuffushi,6.6221,73.07,300.42,76,27,2.78,scattered clouds
552,Toamasina,-18.1667,49.3833,296.15,94,40,0.51,scattered clouds
553,Shelburne,44.0787,-80.2041,273.46,77,53,6.48,broken clouds
554,Kudahuvadhoo,2.6708,72.8944,301.04,77,19,5.52,few clouds
555,Erdemli,36.605,34.3084,288.35,49,35,5.87,scattered clouds
556,Luis Correia,-2.8792,-41.6669,300.41,81,54,6.69,broken clouds
557,Kerouane,9.2667,-9.0167,299.05,39,33,1.58,scattered clouds
558,Malindi,-3.2175,40.1191,298.55,85,32,2.78,light rain
559,Alpena,45.0617,-83.4327,272.33,84,90,2.24,overcast clouds
560,Port Hawkesbury,45.6169,-61.3485,271.25,54,20,3.17,few clouds
561,Ierapetra,35.01,25.7353,287.12,85,99,5.81,overcast clouds
562,Carnarvon,-24.8667,113.6333,297.19,83,0,3.09,clear sky
563,Porbandar,21.6422,69.6093,296.21,58,28,5.61,scattered clouds
564,Kralendijk,12.15,-68.2667,301.14,78,75,5.66,broken clouds
565,Stromness,58.965,-3.296,279.13,60,98,14.33,overcast clouds
566,Adre,13.4667,22.2,294.76,25,0,3.5,clear sky
567,Zhanaozen,43.3,52.8,273.6,55,2,5.43,clear sky
568,Olafsvik,64.8945,-23.7142,274.64,79,85,6.02,overcast clouds
569,Igrim,63.1906,64.4162,253.34,92,100,4.25,overcast clouds
570,Caluquembe,-13.7833,14.6833,290.17,91,95,0.93,light rain
571,Hella,67.2,14.4333,267.23,53,1,5.14,clear sky
572,Mayor Pablo Lagerenza,-19.9309,-60.7718,297.11,94,96,4.73,overcast clouds
573,Alberton,46.8168,-64.0654,271.1,52,5,5.47,clear sky
574,Ilhabela,-23.7781,-45.3581,295.03,87,84,3.14,broken clouds
575,Corn Island,12.1694,-83.0418,300.55,81,40,7.79,scattered clouds
576,Trelew,-43.249,-65.3051,295.48,36,1,11.2,clear sky
577,Bardiyah,31.7561,25.0865,287.59,63,4,11.42,clear sky
578,Clarence Town,-32.5833,151.7833,294.25,64,95,3.54,overcast clouds
579,Bani,18.2833,-70.3333,298.07,76,17,5.49,few clouds
580,Buchanan,5.8808,-10.0467,299.13,84,65,1.7,broken clouds
581,Asandh,29.5167,76.6,289.26,51,0,2.06,clear sky
582,Sudbury,46.49,-80.99,271.63,78,86,4.61,overcast clouds
583,Homa Bay,-0.5273,34.4571,292.77,78,97,1.59,overcast clouds
584,Misratah,32.3754,15.0925,288.49,59,44,7.29,scattered clouds
585,Vilcun,-38.65,-72.2333,292.56,62,0,0.93,clear sky
586,Dudinka,69.4058,86.1778,238.49,100,93,2.75,overcast clouds
587,Lubango,-14.9172,13.4925,289.63,86,79,0.94,broken clouds
588,Havelock,34.8791,-76.9013,290.12,84,75,0.0,broken clouds
589,San Borja,-14.8167,-66.85,302.45,63,76,1.26,broken clouds
590,Ouagadougou,12.3642,-1.5383,296.22,28,9,2.06,clear sky
591,Surt,31.2089,16.5887,288.99,65,64,8.52,broken clouds
592,Sakaraha,-22.9,44.5333,296.14,51,2,0.96,clear sky
593,San Luis,-33.295,-66.3356,289.41,86,95,4.44,overcast clouds
594,Ion Corvin,44.1167,27.8,278.54,90,100,1.82,overcast clouds
595,Esna,25.2934,32.554,291.52,25,78,2.22,broken clouds
596,Waddan,29.1614,16.139,282.9,64,0,2.84,clear sky
597,Dahuk,36.8695,42.994,281.89,33,95,1.38,light rain
598,Balashikha,55.8094,37.9581,268.48,96,84,0.94,light snow
599,Khor,47.8861,134.9464,256.66,86,84,3.57,broken clouds
600,Nizwa,22.9333,57.5333,291.01,71,37,1.64,scattered clouds
601,Killybegs,54.6333,-8.45,280.56,71,33,10.68,scattered clouds
602,Baoro,5.6667,15.9667,296.35,52,81,1.02,broken clouds
603,Abonnema,4.7084,6.7931,299.57,83,30,2.67,scattered clouds
604,Boz,46.4071,4.9109,278.51,95,76,2.22,broken clouds
605,Zuwarah,32.9312,12.082,284.82,56,0,5.85,clear sky
606,Yarada,17.65,83.2667,297.33,83,75,1.03,broken clouds
607,Muskegon,43.3,-86.1334,277.16,47,90,3.6,overcast clouds
608,Saint Anthony,45.0205,-93.218,273.79,58,90,0.45,overcast clouds
609,Escanaba,45.7453,-87.0646,272.39,60,75,3.09,broken clouds
610,Huntington,38.4193,-82.4452,282.52,73,85,2.01,overcast clouds
611,Rio Branco Do Sul,-25.19,-49.3142,291.33,98,58,2.14,broken clouds
612,Mineiros,-17.5694,-52.5511,297.68,67,88,0.26,light rain
613,Emba,48.8264,58.1442,269.83,86,34,2.2,scattered clouds
614,Maldonado,-34.6667,-54.9167,292.81,89,80,3.38,broken clouds
615,Haileybury,47.449,-79.6373,264.47,97,96,1.29,overcast clouds
616,Conceicao Do Araguaia,-8.2578,-49.2647,296.93,94,100,1.61,overcast clouds
617,Goundam,16.4145,-3.6708,296.16,15,91,5.44,overcast clouds
618,Reconquista,-29.15,-59.65,297.25,43,96,2.89,overcast clouds
619,Coihaique,-45.5752,-72.0662,291.12,48,40,4.63,scattered clouds
620,Nueva Helvecia,-34.3,-57.2333,293.48,69,95,6.18,overcast clouds
621,Saint-Jean-De-Luz,43.3891,-1.6581,284.18,80,75,1.79,light rain
622,Praia,14.9215,-23.5087,296.45,78,75,8.23,broken clouds
623,San Pedro De Tutule,14.25,-87.85,291.49,98,54,2.3,broken clouds
624,Punta Alta,-38.8759,-62.0736,287.34,65,100,3.64,overcast clouds
625,Kushtagi,15.7667,76.2,294.75,85,87,2.79,overcast clouds
626,Bela,25.9333,81.9833,292.39,60,31,1.98,scattered clouds
627,Piacabucu,-10.4056,-36.4344,299.28,84,76,4.89,broken clouds
628,Upata,8.0086,-62.3989,298.81,80,72,1.92,broken clouds
629,Kidal,18.4411,1.4078,296.38,15,97,2.45,overcast clouds
630,Panguipulli,-39.6333,-72.3333,294.99,50,0,1.68,clear sky
631,Natitingou,10.3042,1.3796,296.99,18,84,2.73,broken clouds
632,Dharchula,29.85,80.5333,284.74,47,1,3.64,clear sky
633,Cancun,21.1743,-86.8466,298.18,73,20,1.54,few clouds
634,Geraldton,-28.7667,114.6,300.44,43,0,3.09,clear sky
635,Samana,19.2056,-69.3369,298.13,88,11,3.23,few clouds
636,Gusau,12.1628,6.6614,295.28,26,63,3.9,broken clouds
637,Ambanja,-13.6833,48.45,296.57,90,6,1.48,clear sky
638,Suamico,44.6319,-88.0393,274.58,52,1,1.34,clear sky
639,Paramonga,-10.6667,-77.8333,292.76,85,99,3.24,overcast clouds
640,Sur,22.5667,59.5289,295.36,63,1,2.03,clear sky
641,Sarh,9.1429,18.3923,297.1,69,0,0.0,clear sky
642,Elizabeth City,36.2946,-76.2511,286.49,76,1,0.45,clear sky
643,Kumluca,36.3703,30.2869,286.86,84,100,2.48,overcast clouds
644,Presidente Dutra,-5.29,-44.49,296.62,96,100,1.24,overcast clouds
645,Lar,26.2039,83.9717,293.21,51,67,2.28,broken clouds
646,Maragogi,-9.0122,-35.2225,298.5,86,52,3.87,broken clouds
647,Tavricheskoye,54.5851,73.6395,272.1,93,97,5.19,overcast clouds
648,Gravdal,68.1214,13.5031,269.72,59,8,6.29,clear sky
649,Nawa,27.0167,75.0,289.22,68,0,1.76,clear sky
650,Anna Paulowna,52.862,4.834,279.31,89,90,2.68,light intensity drizzle
651,Mbanza-Ngungu,-5.25,14.8667,292.66,99,94,0.59,overcast clouds
652,Glyadyanskoye,54.9075,65.0883,273.01,86,44,8.28,scattered clouds
653,La Asuncion,11.0333,-63.8628,305.0,62,58,7.2,broken clouds
654,Wukari,7.85,9.7833,298.97,31,74,1.62,broken clouds
655,San Pedro,14.35,121.0167,298.21,73,20,0.51,few clouds
656,Sovik,65.9333,12.4667,269.14,49,6,10.14,clear sky
657,Galle,6.0367,80.217,298.68,86,100,2.22,overcast clouds
658,Manta,-0.95,-80.7333,297.03,83,40,5.66,scattered clouds
659,Novaya Lyalya,59.055,60.599,264.28,91,100,3.27,light snow
660,Lagos,6.5833,3.75,300.33,90,89,1.49,overcast clouds
661,Masindi,1.6744,31.715,292.41,84,92,1.1,overcast clouds
662,Chimoio,-19.1164,33.4833,297.07,57,0,1.06,clear sky
663,Sambava,-14.2667,50.1667,298.17,82,45,4.36,scattered clouds
664,Methoni,36.8197,21.7049,284.94,75,1,7.28,clear sky
665,Gemena,3.25,19.7667,294.96,84,87,0.79,overcast clouds
666,Turukhansk,65.8167,87.9833,239.09,100,100,1.29,overcast clouds
667,Cherlak,54.155,74.8055,270.76,95,98,4.56,overcast clouds
668,Goure,13.9835,10.2704,297.05,17,31,4.55,scattered clouds
669,Humaita,-7.5061,-63.0208,297.04,97,84,0.55,broken clouds
670,Kabalo,-6.05,26.9167,293.91,91,5,0.86,clear sky
671,Morelia,19.7008,-101.1844,297.67,37,22,0.71,few clouds
672,Nampula,-15.1165,39.2666,297.12,78,0,5.14,clear sky
673,Bauchi,10.5,10.0,293.41,32,59,2.58,broken clouds
674,Chiredzi,-21.05,31.6667,297.46,53,10,3.59,clear sky
675,Diamantino,-14.4086,-56.4461,298.36,85,97,1.71,overcast clouds
676,Rondonopolis,-16.4708,-54.6356,299.29,81,45,0.68,scattered clouds
677,Adrian,41.8975,-84.0372,277.27,46,1,0.89,clear sky
678,Angol,-37.8,-72.7167,292.79,44,0,3.05,clear sky
679,Igarka,67.4667,86.5833,233.87,100,85,1.2,overcast clouds
680,Hamburg,53.55,10.0,275.53,96,75,2.57,snow
681,Altea,38.5989,-0.0514,288.92,65,0,4.66,clear sky
682,Bathurst,-33.4166,149.5806,292.99,65,62,0.45,broken clouds
683,Afonso Bezerra,-5.4983,-36.5056,299.8,72,33,7.17,scattered clouds
684,La Victoria,10.2184,-67.3302,294.21,80,33,2.29,scattered clouds
685,Rio Gallegos,-51.6226,-69.2181,290.18,25,75,13.89,broken clouds
686,Moose Factory,51.2585,-80.6094,259.15,72,40,3.6,scattered clouds
687,San Juan De Colon,8.0313,-72.2605,296.92,93,65,2.08,broken clouds
688,Tambura,5.6,27.4667,297.37,45,73,1.01,broken clouds
689,East Stroudsburg,40.9995,-75.1813,279.64,76,77,2.21,broken clouds
690,Hoopstad,-27.8327,25.9083,289.55,89,100,4.95,overcast clouds
691,Borba,-4.3878,-59.5939,297.51,95,94,1.14,overcast clouds
692,Dunmore Town,25.5,-76.65,298.82,63,90,5.62,overcast clouds
693,Leh,34.1667,77.5833,264.02,72,57,1.19,broken clouds
694,Skibbereen,51.55,-9.2667,277.04,69,21,7.24,light rain
695,Bembereke,10.2283,2.6634,295.41,22,87,1.71,overcast clouds
696,Sliven,42.6858,26.3292,279.71,78,74,0.8,broken clouds
697,Orshanka,56.9161,47.8933,269.4,85,100,5.32,overcast clouds
698,Batsfjord,70.6345,29.7185,264.14,82,19,10.48,few clouds
699,Valdez,1.2492,-78.9831,297.94,84,100,5.38,overcast clouds
700,Hvolsvollur,63.7533,-20.2243,265.82,75,42,1.56,scattered clouds
701,Decatur,39.8403,-88.9548,279.63,60,1,2.57,clear sky
702,Guane,22.2025,-84.0875,294.96,79,10,1.89,clear sky
703,Elliot,-31.3333,27.85,287.07,91,100,0.83,overcast clouds
704,Nurota,40.5614,65.6886,276.2,64,100,3.75,light rain
705,Yelizavetino,59.4916,29.7938,260.73,95,97,2.61,overcast clouds
706,Ancud,-41.8697,-73.8203,290.61,73,0,1.0,clear sky
707,Uribia,11.7139,-72.266,300.02,74,53,7.1,broken clouds
708,Tougue,11.4667,-11.6,294.87,27,67,0.41,broken clouds
709,Neubrandenburg,53.5667,13.2667,275.31,91,100,5.36,overcast clouds
710,Platanos,37.6667,21.6167,284.31,85,4,1.91,clear sky
711,Channel-Port Aux Basques,47.5702,-59.1367,273.38,55,99,11.68,overcast clouds
712,Parry Sound,45.3501,-80.033,273.27,80,98,7.84,light snow
713,Bridlington,54.0831,-0.1919,278.44,78,99,9.66,light rain
714,Pombas,17.1503,-25.0201,295.03,76,82,6.53,broken clouds
715,Rafraf,37.1904,10.1837,282.32,70,50,6.26,scattered clouds
716,Eirunepe,-6.6603,-69.8736,297.17,94,93,0.66,overcast clouds
717,Dartford,51.4435,0.2196,279.52,86,75,1.79,broken clouds
718,Okoneshnikovo,54.8377,75.0834,270.21,95,98,5.46,overcast clouds
719,Aljezur,37.3191,-8.8033,285.11,87,58,4.65,broken clouds
720,Acari,-15.4311,-74.6158,294.81,79,81,2.38,broken clouds
721,Conneaut,41.9476,-80.5542,278.76,69,53,7.35,broken clouds
722,Bugarama,-2.8706,30.5281,288.43,94,96,0.19,overcast clouds
723,La Ligua,-32.4524,-71.2311,291.03,56,0,1.14,clear sky
724,Imbituba,-28.24,-48.6703,295.83,81,98,5.15,overcast clouds
725,Pimentel,-6.8367,-79.9342,294.31,73,40,8.23,scattered clouds
726,Mweka,-4.85,21.5667,293.31,100,100,0.83,light rain
727,Moron,-34.6534,-58.6198,294.27,79,90,2.68,overcast clouds
728,Boffa,10.1667,-14.0333,297.87,89,50,1.5,scattered clouds
729,Agadez,19.75,10.25,289.55,24,58,4.76,broken clouds
730,Ulagan,50.6321,87.9563,258.15,88,36,1.23,scattered clouds
731,Itaituba,-4.2761,-55.9836,297.27,93,42,0.62,scattered clouds
732,Mandal,25.45,74.5667,291.69,59,63,1.41,broken clouds
733,Turinsk,58.0458,63.696,274.07,95,100,5.52,overcast clouds
734,Junagarh,19.8667,82.9333,291.67,95,100,1.53,overcast clouds
735,Tselinnoye,53.0833,85.6667,263.08,99,96,2.02,overcast clouds
